run_id,table_name,row_count,file_format,storage_type,load_timestamp,status
b6d7b18c-aeaf-430a-8a95-a30dca3e5002,customers,5000,json,github,2026-06-21 22:07:46.529689,SUCCESS
924ed21a-76f5-413a-ba40-6c1bc6895611,customer_addresses,5000,json,github,2026-06-21 22:07:46.535228,SUCCESS
10f3e072-df02-4504-b1a2-6881e1b453a7,customer_segments,5000,json,github,2026-06-21 22:07:46.538008,SUCCESS
48543505-a4b6-469a-af9d-0f0645e3be0b,brands,50,parquet,local,2026-06-21 22:07:46.568054,SUCCESS
4800ddaa-8c20-4ee8-ad52-0a0bda05814a,categories,20,parquet,local,2026-06-21 22:07:46.568957,SUCCESS
82bac56b-449e-4cc2-8d50-69b4be89f9d8,suppliers,100,parquet,local,2026-06-21 22:07:46.569767,SUCCESS
7885bf5c-7b4e-4200-b794-1af12f9c3663,products,1000,parquet,local,2026-06-21 22:07:46.571271,SUCCESS
d36a9310-ba1a-43f8-b519-f74891704188,campaigns,50,json,github,2026-06-21 22:07:47.641508,SUCCESS
934473c7-0306-4afb-9e74-256c826c5947,impressions,100000,csv,github,2026-06-21 22:07:47.802694,SUCCESS
6798f916-c44c-4883-b22f-000b318d5ec3,clicks,25000,csv,github,2026-06-21 22:07:47.843305,SUCCESS
22e3c5c0-32ee-4d4e-ac8a-de7387a9d3e1,email_events,25000,json,github,2026-06-21 22:07:47.853276,SUCCESS
0f84ebbd-923c-4e2a-86d6-32ffb5855f3e,warehouses,10,csv,local,2026-06-21 22:07:47.931900,SUCCESS
0da208ef-bcbd-4fab-a2f3-97526617023f,inventory,1000,csv,github,2026-06-21 22:07:47.933553,SUCCESS
650191b5-b7bf-40e0-ad91-d6b61762b9b5,stock_movements,10000,csv,github,2026-06-21 22:07:47.945049,SUCCESS
06555413-7512-4dcc-88f2-b2b3fd74d9f8,orders,25000,csv,local,2026-06-21 22:07:48.375651,SUCCESS
43ac4142-29eb-492e-8162-7937e6125eb0,order_items,75099,csv,local,2026-06-21 22:07:48.436045,SUCCESS
e4e34161-e1c3-4221-89a7-ee7b33d875dd,payments,25000,csv,local,2026-06-21 22:07:48.452196,SUCCESS
b5faed45-30d6-4e34-9041-05de92754427,returns,408,csv,local,2026-06-21 22:07:48.453089,SUCCESS
8b585b0c-c43f-49da-9606-2e5794c5b04b,invoices,25000,parquet,local,2026-06-21 22:07:48.571870,SUCCESS
09a64c53-223d-4c35-89be-e52f9aeedff8,refunds,408,parquet,local,2026-06-21 22:07:48.572849,SUCCESS
f70b895e-2229-4dd4-b3a9-01fc26f58392,tax,25000,parquet,local,2026-06-21 22:07:48.576761,SUCCESS
e13a4ee3-b576-456c-a419-1581c7a10ed4,ledger,25408,parquet,local,2026-06-21 22:07:48.580748,SUCCESS
70d87277-cd2b-4d40-bf45-d22bd8d4528f,customers,5000,json,github,2026-06-21 22:20:34.447362,SUCCESS
d0ecd406-2d1a-4333-a502-6c43a86ff38d,customer_addresses,5000,json,github,2026-06-21 22:20:34.451224,SUCCESS
a3547f90-c8ca-4ec4-a4e7-15f0f122eb3b,customer_segments,5000,json,github,2026-06-21 22:20:34.453356,SUCCESS
1872ad8b-96e0-4fbc-961b-d08b4246ee1a,brands,50,parquet,local,2026-06-21 22:20:34.491224,SUCCESS
39b266b9-e8ef-4da3-9f6a-ac53774fe029,categories,20,parquet,local,2026-06-21 22:20:34.492169,SUCCESS
77135dd1-0705-4fb1-8133-361bbe519dbb,suppliers,100,parquet,local,2026-06-21 22:20:34.492951,SUCCESS
626a82bc-2f61-4784-bfdc-93a9ed3a8147,products,1000,parquet,local,2026-06-21 22:20:34.494681,SUCCESS
874cf945-2038-4249-903b-211fb25ac849,campaigns,50,json,github,2026-06-21 22:20:35.559819,SUCCESS
34694eb7-f85e-4a79-af1f-5a4a8c9d565d,impressions,100000,csv,github,2026-06-21 22:20:35.726090,SUCCESS
a25c86a5-9b02-4460-b40c-c2789127fc7e,clicks,25000,csv,github,2026-06-21 22:20:35.767576,SUCCESS
14c29861-47af-49e0-a42d-0a94e5cc3246,email_events,25000,json,github,2026-06-21 22:20:35.777467,SUCCESS
7ebd129d-28eb-474e-81ee-0b3ba0c345aa,warehouses,10,csv,local,2026-06-21 22:20:35.857874,SUCCESS
e8f2a064-eff5-452b-8410-c93c0fc30399,inventory,1000,csv,github,2026-06-21 22:20:35.859425,SUCCESS
eed2bd4a-7daf-4700-b888-c52718dfc812,stock_movements,10000,csv,github,2026-06-21 22:20:35.871231,SUCCESS
81f8fe3b-b3eb-49b6-8f5b-e58877983b07,orders,25000,csv,local,2026-06-21 22:20:36.302386,SUCCESS
b2ef97ec-f8a6-441a-a323-0ecdeb30ad57,order_items,75441,csv,local,2026-06-21 22:20:36.362338,SUCCESS
fda509d9-b6f3-45cd-b897-41bace24f7dd,payments,25000,csv,local,2026-06-21 22:20:36.379010,SUCCESS
1d8ab821-0e9e-478f-ab54-bdfb9471af67,returns,441,csv,local,2026-06-21 22:20:36.379976,SUCCESS
f4aa05b0-09a4-4e49-b52d-f50cd4f487ad,invoices,25000,parquet,local,2026-06-21 22:20:36.497819,SUCCESS
4019e5d8-fd8c-4ed9-a4c7-92317cdbffe6,refunds,441,parquet,local,2026-06-21 22:20:36.500160,SUCCESS
000e41b5-fe8b-4302-b22f-c1606b6a73e0,tax,25000,parquet,local,2026-06-21 22:20:36.504377,SUCCESS
00686355-1bb0-4962-b7b2-db940d3e52a2,ledger,25441,parquet,local,2026-06-21 22:20:36.508146,SUCCESS
b407d8c1-9c05-4442-93f1-53c9f2b68d6e,customers,5000,json,github,2026-06-21 22:23:10.376248,SUCCESS
65f37ab0-0859-433a-9336-730fce5a1ed7,customer_addresses,5000,json,github,2026-06-21 22:23:10.379583,SUCCESS
02ffa9a8-2e43-4a7a-ac95-14c3a39bc5fc,customer_segments,5000,json,github,2026-06-21 22:23:10.381540,SUCCESS
1864aefe-ff68-400f-a8e9-bfbf11dc9863,brands,50,parquet,local,2026-06-21 22:23:10.406806,SUCCESS
4beefd60-111d-46af-82d5-aa8d4b2f10e6,categories,20,parquet,local,2026-06-21 22:23:10.407661,SUCCESS
8dca2706-109a-49be-add7-ebf0d0b758ce,suppliers,100,parquet,local,2026-06-21 22:23:10.408422,SUCCESS
99a41d89-576a-4758-a19c-e7c33815b850,products,1000,parquet,local,2026-06-21 22:23:10.410384,SUCCESS
f7490d63-eb5e-4a29-8fc7-856a552870f5,campaigns,50,json,github,2026-06-21 22:23:11.468805,SUCCESS
420d7742-b2e8-4180-a83d-805065d200a6,impressions,100000,csv,github,2026-06-21 22:23:11.627002,SUCCESS
483d380a-074c-4049-8fde-5b2c76e19ad1,clicks,25000,csv,github,2026-06-21 22:23:11.666673,SUCCESS
cbbd8c34-d3d3-4708-8cfa-0a255fb4afa6,email_events,25000,json,github,2026-06-21 22:23:11.676147,SUCCESS
7969e535-85cd-48a4-b606-288c7ea4e3e1,warehouses,10,csv,local,2026-06-21 22:23:11.753760,SUCCESS
0cbebe89-67e0-44f9-9299-b0eca4145830,inventory,1000,csv,github,2026-06-21 22:23:11.755324,SUCCESS
c8bdc2bd-d757-402c-a7dc-7e252997b0e8,stock_movements,10000,csv,github,2026-06-21 22:23:11.766802,SUCCESS
125fb9e8-65bc-4a54-abdb-f670f6f85f1a,orders,25000,csv,local,2026-06-21 22:23:12.189796,SUCCESS
e523f1a7-fae7-4822-85b7-6a3a844c5ebe,order_items,75024,csv,local,2026-06-21 22:23:12.250109,SUCCESS
28e5584f-4d51-48d2-99ba-587124d36423,payments,25000,csv,local,2026-06-21 22:23:12.266223,SUCCESS
064f118a-e9ad-4239-a2a7-41c7ced3eefa,returns,409,csv,local,2026-06-21 22:23:12.267068,SUCCESS
a75f3af1-aa10-4206-a9b8-1cdedc6d4416,invoices,25000,parquet,local,2026-06-21 22:23:12.382675,SUCCESS
076a84de-46eb-495e-bcc7-7123a21d6c55,refunds,409,parquet,local,2026-06-21 22:23:12.383562,SUCCESS
6b837a72-c1ba-43a2-8b86-8e741a03db42,tax,25000,parquet,local,2026-06-21 22:23:12.387511,SUCCESS
a2e6a83b-101d-4a66-9755-09c4b09c7a8f,ledger,25409,parquet,local,2026-06-21 22:23:12.391253,SUCCESS
1a392361-b612-44d1-9b37-50a532b2ae61,customers,5000,json,github,2026-06-21 22:24:01.622576,SUCCESS
7b095b59-fbc4-4fa4-a206-8d4bb61bac29,customer_addresses,5000,json,github,2026-06-21 22:24:01.626201,SUCCESS
abf23ea3-49ca-42c4-8255-18a8c4da3a38,customer_segments,5000,json,github,2026-06-21 22:24:01.628302,SUCCESS
e3f29c60-af76-45e8-9c91-0471384f893e,brands,50,parquet,local,2026-06-21 22:24:01.653108,SUCCESS
b2142cc4-4068-4917-bdc4-9ff82bf99c5a,categories,20,parquet,local,2026-06-21 22:24:01.654032,SUCCESS
eafdf4bf-0dd3-4f20-864c-266de882bfd1,suppliers,100,parquet,local,2026-06-21 22:24:01.654920,SUCCESS
1cedf7a0-f6ed-404f-a82e-ac8a2a37728c,products,1000,parquet,local,2026-06-21 22:24:01.656444,SUCCESS
3d7cb5cf-2555-49fa-bd86-9909205f1c5b,campaigns,50,json,github,2026-06-21 22:24:02.722231,SUCCESS
873546ba-bc3c-4cf0-b772-39cb28dced8a,impressions,100000,csv,github,2026-06-21 22:24:02.877681,SUCCESS
07f23aae-0669-4e54-8a19-48e886ccaa94,clicks,25000,csv,github,2026-06-21 22:24:02.918225,SUCCESS
406b80d3-3677-4912-9cfa-6192e34dcfd5,email_events,25000,json,github,2026-06-21 22:24:02.927566,SUCCESS
fa045dc4-9e4b-4717-aeb3-211e34bd8a39,warehouses,10,csv,local,2026-06-21 22:24:03.003630,SUCCESS
43a9d508-518c-4e11-913a-702596c61f26,inventory,1000,csv,github,2026-06-21 22:24:03.005598,SUCCESS
d6de445b-4c54-48ae-95cb-3c0db1ca5948,stock_movements,10000,csv,github,2026-06-21 22:24:03.017062,SUCCESS
7622c3a0-a996-483a-85fc-d9a9ab1d15d3,orders,25000,csv,local,2026-06-21 22:24:03.414312,SUCCESS
fde6fde4-b1de-4f8c-9d5a-be9ea99ac4dd,order_items,75021,csv,local,2026-06-21 22:24:03.474253,SUCCESS
a2985106-b4e4-4f0e-a8de-985587fe457f,payments,25000,csv,local,2026-06-21 22:24:03.490298,SUCCESS
33816e1c-6297-4964-8590-38202b503974,returns,405,csv,local,2026-06-21 22:24:03.491084,SUCCESS
1c19768e-1764-4f81-bc8f-f836815e22a0,invoices,25000,parquet,local,2026-06-21 22:24:03.608135,SUCCESS
fa3db35c-3814-442c-8c79-30db3ad2c129,refunds,405,parquet,local,2026-06-21 22:24:03.609081,SUCCESS
a1444552-43b0-4708-be71-7cb9a0ff6365,tax,25000,parquet,local,2026-06-21 22:24:03.613040,SUCCESS
bf50b187-8a00-43f7-95e6-2dd68737b422,ledger,25405,parquet,local,2026-06-21 22:24:03.616683,SUCCESS
e23f2cf1-177c-4ff4-98d3-fa2cd33bfdb7,customers,5000,json,github,2026-06-21 23:21:59.061734,SUCCESS
c4a9bebc-173b-40e7-aff9-5c1ef3802a94,customer_addresses,5000,json,github,2026-06-21 23:21:59.066236,SUCCESS
ef530166-d8e3-4ee6-bcb7-0e9bec51fa65,customer_segments,5000,json,github,2026-06-21 23:21:59.068483,SUCCESS
72de8ebf-d4f7-4325-9e79-780d20020e49,brands,50,parquet,local,2026-06-21 23:21:59.106937,SUCCESS
c81a1f9b-66f1-4273-b4b2-543ec26cb80a,categories,20,parquet,local,2026-06-21 23:21:59.107912,SUCCESS
7f638e15-7c05-4dc3-ab00-91fc91256536,suppliers,100,parquet,local,2026-06-21 23:21:59.108687,SUCCESS
91f1c2cc-94fc-4d63-9c33-46757f0c1cbe,products,1000,parquet,local,2026-06-21 23:21:59.110340,SUCCESS
f8e7df66-aae6-4fcf-a2a6-64f9ffe8b032,campaigns,50,json,github,2026-06-21 23:22:00.176653,SUCCESS
046fa8b2-a6ce-40a1-b160-9ef4d592b964,impressions,100000,csv,github,2026-06-21 23:22:00.344416,SUCCESS
68f612e9-d9e4-41e1-8623-a2ab67a4ab4d,clicks,25000,csv,github,2026-06-21 23:22:00.386348,SUCCESS
bc845367-03b5-4ad4-b569-c5d5a7dbc6c9,email_events,25000,json,github,2026-06-21 23:22:00.396135,SUCCESS
35d0fd67-efcb-405f-8824-162665312018,warehouses,10,csv,local,2026-06-21 23:22:00.474079,SUCCESS
df720273-ea5d-4933-a588-d3b2f13d2303,inventory,1000,csv,github,2026-06-21 23:22:00.475606,SUCCESS
e2748e05-3803-4458-ace8-b0e77994974b,stock_movements,10000,csv,github,2026-06-21 23:22:00.487716,SUCCESS
1ea8fc10-7d7a-4fb3-85f2-58e95647ebf1,orders,25000,csv,local,2026-06-21 23:22:00.923289,SUCCESS
fc76d239-0858-444e-85c4-8cacecc6ea51,order_items,75293,csv,local,2026-06-21 23:22:00.983945,SUCCESS
e32a6ac0-348a-480b-ba3e-a4ecb6a29308,payments,25000,csv,local,2026-06-21 23:22:00.999605,SUCCESS
1a07853d-40a2-4ba0-8cc0-4e7171b93e88,returns,410,csv,local,2026-06-21 23:22:01.000680,SUCCESS
349c4569-0406-43ea-94e1-aafa46260293,invoices,25000,parquet,local,2026-06-21 23:22:01.117537,SUCCESS
31001f16-bcf4-4cf9-9814-f6a1d3de7a03,refunds,410,parquet,local,2026-06-21 23:22:01.120326,SUCCESS
7f9bff58-3ddf-4784-8d69-6430d2064b2d,tax,25000,parquet,local,2026-06-21 23:22:01.124688,SUCCESS
f049362e-aa64-4a6d-83d9-f178714a8483,ledger,25410,parquet,local,2026-06-21 23:22:01.128488,SUCCESS
7f7e9c0b-13bf-406d-a94b-03f30064ed73,customers,5000,json,github,2026-06-21 23:53:09.787917,SUCCESS
1731682c-e3fd-4318-9e37-570aafd24bc9,customer_addresses,5000,json,github,2026-06-21 23:53:09.792104,SUCCESS
05e8059b-d666-42da-9f04-3befc536c857,customer_segments,5000,json,github,2026-06-21 23:53:09.794229,SUCCESS
84a425c9-7d84-4b21-b226-e59f294c2122,brands,50,parquet,local,2026-06-21 23:53:09.832876,SUCCESS
8b5ee68d-7c67-46d1-90fe-46453b87f2bc,categories,20,parquet,local,2026-06-21 23:53:09.833957,SUCCESS
e4996dca-063f-4fb1-9148-a2ce11bcb272,suppliers,100,parquet,local,2026-06-21 23:53:09.834745,SUCCESS
a1a2da00-0944-42fb-a2a9-1582c49e7334,products,1000,parquet,local,2026-06-21 23:53:09.836408,SUCCESS
71dd1a08-e6cb-40c3-af05-64cba8f8b61b,campaigns,50,json,github,2026-06-21 23:53:10.918177,SUCCESS
97ebd6c3-7dfa-4cd1-852f-0f202e252844,impressions,100000,csv,github,2026-06-21 23:53:11.088189,SUCCESS
7a5f34fc-4e7a-45d5-8b8b-c63c8456774e,clicks,25000,csv,github,2026-06-21 23:53:11.128571,SUCCESS
86bb2959-67cb-4c3b-b253-1803d2b366df,email_events,25000,json,github,2026-06-21 23:53:11.137906,SUCCESS
da9e1c26-01f4-4975-9f7c-7acdb0587831,warehouses,10,csv,local,2026-06-21 23:53:11.216426,SUCCESS
eb51e0ee-1209-49a8-8e96-d61ae1dec506,inventory,1000,csv,github,2026-06-21 23:53:11.217984,SUCCESS
419da6ea-bb32-4d32-977d-9bd34243f4ad,stock_movements,10000,csv,github,2026-06-21 23:53:11.230073,SUCCESS
d78890b7-19be-41a5-8b22-9b853156f372,orders,25000,csv,local,2026-06-21 23:53:11.656381,SUCCESS
2ede28f5-b017-47c9-abce-3fadab8e6115,order_items,74990,csv,local,2026-06-21 23:53:11.716712,SUCCESS
3e5e3808-afa2-4935-b3dc-e64b09f2ff4f,payments,25000,csv,local,2026-06-21 23:53:11.732795,SUCCESS
5a9166d6-30d4-4102-b7e3-07f6a555e5c2,returns,411,csv,local,2026-06-21 23:53:11.733829,SUCCESS
834f3991-7ec9-4f69-b100-306a33d901c5,invoices,25000,parquet,local,2026-06-21 23:53:11.852097,SUCCESS
8d85654f-a548-42ff-93cb-88455c52029b,refunds,411,parquet,local,2026-06-21 23:53:11.853084,SUCCESS
7c12f2d9-1b7e-4f48-8ae7-7bb5b310090d,tax,25000,parquet,local,2026-06-21 23:53:11.857051,SUCCESS
33470f39-fade-448a-aaa1-a190a9e1bb61,ledger,25411,parquet,local,2026-06-21 23:53:11.861015,SUCCESS
b8f5e54a-41ce-405e-9768-355fe0b5b8c3,customers,50,json,github,2026-06-22 22:47:33.680331,SUCCESS
5ecd0d6e-fa05-4a48-878a-0a6266e1abd3,customer_addresses,50,json,github,2026-06-22 22:47:33.682129,SUCCESS
c4ac32b9-c0ab-4768-a74d-f89acd752b22,customer_segments,50,json,github,2026-06-22 22:47:33.682614,SUCCESS
1358ed01-3995-4b20-9c0a-2368a526d496,brands,50,parquet,local,2026-06-22 22:47:33.722858,SUCCESS
e3c8453d-38e6-4eaf-b3a6-19c984dd1538,categories,20,parquet,local,2026-06-22 22:47:33.723842,SUCCESS
de7c05bf-e100-4791-88d3-af13bc2c4a2e,suppliers,100,parquet,local,2026-06-22 22:47:33.724655,SUCCESS
ed8790ac-3606-4231-87c1-0c85fb0ca29a,products,1000,parquet,local,2026-06-22 22:47:33.726359,SUCCESS
34e1b735-e46c-4764-8b30-800e507afd62,campaigns,50,json,github,2026-06-22 22:47:34.795454,SUCCESS
650dd743-1cc6-4b77-901e-b7d48fed8a08,impressions,100000,csv,github,2026-06-22 22:47:34.955270,SUCCESS
9fa951cf-f183-4bee-b77b-99aa4fba12a7,clicks,25000,csv,github,2026-06-22 22:47:34.996853,SUCCESS
7530da07-115c-452a-a93e-104377102ff6,email_events,25000,json,github,2026-06-22 22:47:35.006943,SUCCESS
80396e8d-1ce4-4225-a595-563b17790def,warehouses,10,csv,local,2026-06-22 22:47:35.086974,SUCCESS
428e38ca-0c3d-4850-85b1-83740084da52,inventory,1000,csv,github,2026-06-22 22:47:35.090058,SUCCESS
9e525747-1d24-4d74-8c12-e299aa14d64b,stock_movements,10000,csv,github,2026-06-22 22:47:35.102259,SUCCESS
650d4227-0f29-4c5c-8b72-d4b1721457ca,orders,25000,csv,local,2026-06-22 22:47:35.525700,SUCCESS
1981ba3e-781e-4e32-a77c-576b17625bb3,order_items,74954,csv,local,2026-06-22 22:47:35.586110,SUCCESS
a1394da9-50bf-4d24-b254-704241304511,payments,25000,csv,local,2026-06-22 22:47:35.602472,SUCCESS
f8be3e07-7604-4757-b12c-0113d1891cc7,returns,429,csv,local,2026-06-22 22:47:35.603462,SUCCESS
214aaa46-03e1-45c2-9065-577904c92b3c,invoices,25000,parquet,local,2026-06-22 22:47:35.720644,SUCCESS
d84edd04-e02d-43db-9dd7-bae6f493f1cf,refunds,429,parquet,local,2026-06-22 22:47:35.721664,SUCCESS
2d7cf761-c29b-43f5-a491-22a2a4c31d1c,tax,25000,parquet,local,2026-06-22 22:47:35.725640,SUCCESS
4f86b4c9-ea7b-43bd-8af0-ea3015e55c17,ledger,25429,parquet,local,2026-06-22 22:47:35.729939,SUCCESS
12e19407-ac7e-4839-8e8f-0fa6eee52e16,customers,50,json,github,2026-06-23 00:32:08.536499,SUCCESS
dc180b1f-efad-4e6f-a446-fad87f0f34f5,customer_addresses,50,json,github,2026-06-23 00:32:08.537880,SUCCESS
452ebb39-9216-45a9-8236-a7f05fb37b92,customer_segments,50,json,github,2026-06-23 00:32:08.538388,SUCCESS
9023ff60-7d19-4720-954e-15feac437332,brands,50,parquet,local,2026-06-23 00:32:08.557978,SUCCESS
809775e0-ef1f-4e87-a095-afb1f5c728fd,categories,20,parquet,local,2026-06-23 00:32:08.558799,SUCCESS
5d2e97b6-0c2c-4399-9aea-41c952edbbeb,suppliers,100,parquet,local,2026-06-23 00:32:08.559550,SUCCESS
f8b5da0d-9fa6-4840-978f-41d5864e2bfe,products,5,parquet,local,2026-06-23 00:32:08.560355,SUCCESS
fad0ae2a-1824-4cc6-9498-88012f653dba,campaigns,2,json,github,2026-06-23 00:32:09.645050,SUCCESS
5e35879e-0e49-4ec2-b623-e99b1759a862,impressions,100000,csv,github,2026-06-23 00:32:09.807256,SUCCESS
82ba72f8-20d3-42cc-98c3-75aecfb25f67,clicks,25000,csv,github,2026-06-23 00:32:09.847792,SUCCESS
90c39889-1436-4b8e-b017-522e0b2e7e95,email_events,25000,json,github,2026-06-23 00:32:09.857606,SUCCESS
52700dee-4e0f-4536-9786-b970572135e6,orders,100,csv,local,2026-06-23 00:32:09.861137,SUCCESS
50891998-a0d8-42f7-9370-c86ffc2ed98a,order_items,311,csv,local,2026-06-23 00:32:09.861913,SUCCESS
299d2408-5b0d-47a8-b8e5-dc979676685b,payments,100,csv,local,2026-06-23 00:32:09.862434,SUCCESS
1534ef12-6faf-417b-9730-37aa5fa573da,returns,0,csv,local,2026-06-23 00:32:09.862843,SUCCESS
9b2a9080-6742-4525-a189-e49e48b43df5,invoices,100,parquet,local,2026-06-23 00:32:09.865167,SUCCESS
57c8883b-1ad3-459a-991f-470f6a46a09a,refunds,0,parquet,local,2026-06-23 00:32:09.865792,SUCCESS
a5e0e4ef-c0c6-416b-82ea-56d88394aee8,tax,100,parquet,local,2026-06-23 00:32:09.866603,SUCCESS
89348ccf-c343-4865-90f6-d6f537828a6f,ledger,100,parquet,local,2026-06-23 00:32:09.867384,SUCCESS
bad7812a-92a9-4d6f-88fa-c4ea6ba5009d,customers,50,json,github,2026-06-23 00:34:30.546483,SUCCESS
3f69b4c7-e2ff-4ab1-a132-b64127a6219b,customer_addresses,50,json,github,2026-06-23 00:34:30.547721,SUCCESS
1c8c7c96-c5fa-4a32-9b4e-10c92e01bfb2,customer_segments,50,json,github,2026-06-23 00:34:30.548247,SUCCESS
fd016989-dac2-4fee-a068-7b708eaf7664,brands,50,parquet,local,2026-06-23 00:34:30.566750,SUCCESS
5796f5d3-d04f-48fb-9744-c820e1c2644b,categories,20,parquet,local,2026-06-23 00:34:30.567576,SUCCESS
80be6611-ebd7-4d3d-bd8e-62e486fd1615,suppliers,100,parquet,local,2026-06-23 00:34:30.568335,SUCCESS
b0fcd92d-ed5a-49d2-aa0e-c1bbb4271fce,products,5,parquet,local,2026-06-23 00:34:30.569108,SUCCESS
88fe99c9-f6cf-4284-bf4a-578200e14af4,campaigns,2,json,github,2026-06-23 00:34:31.645677,SUCCESS
9a551d12-9db0-4865-b39f-2c5f66e7d741,impressions,100000,csv,github,2026-06-23 00:34:31.809953,SUCCESS
d1b4063b-57a8-4562-a06a-3eca9ba11c41,clicks,25000,csv,github,2026-06-23 00:34:31.851200,SUCCESS
fdaf31dc-bbf4-4daf-9dd8-600034f9c570,email_events,25000,json,github,2026-06-23 00:34:31.861067,SUCCESS
67b4d163-37e5-48de-be95-05ef0e9d36bd,orders,100,csv,local,2026-06-23 00:34:31.864701,SUCCESS
527eb49f-a459-47dd-b9fc-3a4a39e3c2a1,order_items,330,csv,local,2026-06-23 00:34:31.865501,SUCCESS
ff5d8d54-2448-4678-a05d-0c5f8e5bea48,payments,100,csv,local,2026-06-23 00:34:31.866136,SUCCESS
0b95e035-d5d0-46dc-8540-08bf8a52b2b1,returns,0,csv,local,2026-06-23 00:34:31.866557,SUCCESS
9c438fc2-4db6-4181-a969-1355c86e26b1,invoices,100,parquet,local,2026-06-23 00:34:31.868857,SUCCESS
fdb0ba23-cfd5-4708-8657-cdfbd24547aa,refunds,0,parquet,local,2026-06-23 00:34:31.869346,SUCCESS
14d0d50c-edd4-4f8f-8b20-1a6fef1bf9fc,tax,100,parquet,local,2026-06-23 00:34:31.870090,SUCCESS
1a901639-2d44-4a73-94b2-c15142a33133,ledger,100,parquet,local,2026-06-23 00:34:31.870775,SUCCESS
b928d85d-ef6d-4bdd-a441-86f1633cf1f7,customers,50,json,github,2026-06-23 00:37:25.150828,SUCCESS
fc1a9183-7819-4e24-a946-783d896670d8,customer_addresses,50,json,github,2026-06-23 00:37:25.151962,SUCCESS
ff894e8a-09ae-4544-a803-4b99c40ec79e,customer_segments,50,json,github,2026-06-23 00:37:25.152433,SUCCESS
97ec1461-85d1-4bb9-af7b-73f9f8e2e756,brands,50,parquet,local,2026-06-23 00:37:25.170942,SUCCESS
bb4cf18e-4411-4e5f-a4db-533bd859a79f,categories,20,parquet,local,2026-06-23 00:37:25.171875,SUCCESS
38b65e7b-0ebe-4b20-92e9-62f475210c73,suppliers,100,parquet,local,2026-06-23 00:37:25.172913,SUCCESS
b9aaee36-372e-4c59-bf3f-1f4f93337be1,products,5,parquet,local,2026-06-23 00:37:25.173835,SUCCESS
df2df4e9-2ba9-4352-b83c-0d96ad79fa91,campaigns,2,json,github,2026-06-23 00:37:26.251363,SUCCESS
08033943-69dc-4bfe-8c76-63c0018e94e2,impressions,100000,csv,github,2026-06-23 00:37:26.414530,SUCCESS
8236666f-08ef-46da-bc7f-6d69d4bb354c,clicks,25000,csv,github,2026-06-23 00:37:26.456757,SUCCESS
5424e8d5-dddd-42ba-9108-2254c96ab4c9,email_events,25000,json,github,2026-06-23 00:37:26.466754,SUCCESS
89822de8-1ebb-4dae-8166-9f4c0b93cd29,orders,100,csv,local,2026-06-23 00:37:26.470159,SUCCESS
e9b5457a-95e9-481e-b1a0-95e0515e5fe6,order_items,321,csv,local,2026-06-23 00:37:26.470907,SUCCESS
df4f2d74-a436-4afe-a71c-7469b2a9ae72,payments,100,csv,local,2026-06-23 00:37:26.471431,SUCCESS
0240224e-6e78-4a7b-8814-36708248e615,returns,3,csv,local,2026-06-23 00:37:26.472157,SUCCESS
78f7725b-1ff1-4437-b667-4cdf23b19d55,invoices,100,parquet,local,2026-06-23 00:37:26.474847,SUCCESS
ccbd3da9-f603-4ecf-9c17-b4861a3a32d9,refunds,3,parquet,local,2026-06-23 00:37:26.475608,SUCCESS
8daa651e-7b4f-49ce-a98e-804f472598b9,tax,100,parquet,local,2026-06-23 00:37:26.476369,SUCCESS
ea5956af-87d1-455e-892e-0ba7d48e034b,ledger,103,parquet,local,2026-06-23 00:37:26.477125,SUCCESS
533e7201-ff95-4ca7-b970-1038a5c9036f,customers,50,json,github,2026-06-23 01:03:34.759921,SUCCESS
04a393fb-c462-4520-b4a4-690a39656d4d,customer_addresses,50,json,github,2026-06-23 01:03:34.761559,SUCCESS
4e6eaef3-2dd6-4ba5-a1a0-642ae4164d6d,customer_segments,50,json,github,2026-06-23 01:03:34.762130,SUCCESS
948c8705-0724-4b07-bf56-379408e69b1d,brands,50,parquet,local,2026-06-23 01:03:34.793080,SUCCESS
27edb6e4-249b-4abd-9638-cd1ebff99ac4,categories,20,parquet,local,2026-06-23 01:03:34.794031,SUCCESS
07675f56-9cd7-4cfc-9ca0-8f416aa894ea,suppliers,100,parquet,local,2026-06-23 01:03:34.794897,SUCCESS
e48bb5cb-a0fe-4b3d-b2c6-192357cd9e7e,products,5,parquet,local,2026-06-23 01:03:34.795947,SUCCESS
3cda4a30-79c8-45c8-90c5-dd8f4621956b,campaigns,2,json,github,2026-06-23 01:03:35.863088,SUCCESS
8c404a64-9645-4077-9507-52738348da2d,impressions,100000,csv,github,2026-06-23 01:03:36.027511,SUCCESS
ca3ace47-3f89-4f49-bd0f-9313f6d365d2,clicks,25000,csv,github,2026-06-23 01:03:36.068912,SUCCESS
16d1463b-16de-4577-9dfb-3c4f42511c8b,email_events,25000,json,github,2026-06-23 01:03:36.078313,SUCCESS
061b0de3-4595-4a50-875e-bb1aedb240d4,customers,50,json,github,2026-06-23 01:07:46.064429,SUCCESS
c9b34762-f9d8-4281-9981-c1b3e970e0cf,customer_addresses,50,json,github,2026-06-23 01:07:46.066049,SUCCESS
f742309e-7b15-404c-b2dd-eef7f34d5fa3,customer_segments,50,json,github,2026-06-23 01:07:46.066543,SUCCESS
f6f499b6-28c6-4ca9-93df-60a9302ea6d1,brands,50,parquet,local,2026-06-23 01:07:46.097139,SUCCESS
4f732269-ae43-477a-afb8-109d379e1a30,categories,20,parquet,local,2026-06-23 01:07:46.098085,SUCCESS
59f28ec7-60b9-4cbc-a0fe-f72cefe571ec,suppliers,100,parquet,local,2026-06-23 01:07:46.098903,SUCCESS
187499b1-b371-4dfd-ade3-ecb43528d82d,products,5,parquet,local,2026-06-23 01:07:46.099958,SUCCESS
42391be3-709c-4cc9-bfa9-e1624d3c3888,campaigns,2,json,github,2026-06-23 01:07:47.182986,SUCCESS
59d5034b-a3cd-4a6b-9ccd-488c0d279aa8,impressions,100000,csv,github,2026-06-23 01:07:47.344544,SUCCESS
1db7514d-3797-47ed-abdf-efb76f34a504,clicks,25000,csv,github,2026-06-23 01:07:47.386978,SUCCESS
992be71c-6a27-4d91-89e2-36ee5f313977,email_events,25000,json,github,2026-06-23 01:07:47.396610,SUCCESS
d507c01a-17f7-4d33-bd4c-37f59539bda1,orders,100,csv,local,2026-06-23 01:07:47.401075,SUCCESS
3fa2db99-ba03-4ab4-bc65-cdb0c0a194e4,order_items,296,csv,local,2026-06-23 01:07:47.401908,SUCCESS
332aec99-c335-4637-acf5-e8fda843dbb1,payments,100,csv,local,2026-06-23 01:07:47.402599,SUCCESS
eccceb77-6d37-434e-9d5a-4e0ea916be72,returns,1,csv,local,2026-06-23 01:07:47.403208,SUCCESS
b482bb66-055e-408c-bef1-2a5a2706e2c0,invoices,100,parquet,local,2026-06-23 01:07:47.405894,SUCCESS
e9c72c06-57ac-47b1-9bc6-02dd1ebbb3a4,refunds,1,parquet,local,2026-06-23 01:07:47.406671,SUCCESS
a0a03123-a3c1-4b7f-97ce-0280e1f8d5b2,tax,100,parquet,local,2026-06-23 01:07:47.407483,SUCCESS
3c7e889a-2b7c-4d06-af6b-0248c688e518,ledger,101,parquet,local,2026-06-23 01:07:47.408263,SUCCESS
c3778904-a291-4e2e-b412-d82b13508b47,customers,50,json,github,2026-06-23 01:23:06.465625,SUCCESS
5aac2bae-27dc-47e9-85b8-60b7d4098bb4,customer_addresses,50,json,github,2026-06-23 01:23:06.467169,SUCCESS
f4041e48-a81b-4828-b301-cdd399b8bed5,customer_segments,50,json,github,2026-06-23 01:23:06.467674,SUCCESS
75a9908b-0adc-412f-a856-8c9eed852f99,brands,50,parquet,local,2026-06-23 01:23:06.490826,SUCCESS
95d01f9c-1204-4dd4-8314-641271889e84,categories,20,parquet,local,2026-06-23 01:23:06.491766,SUCCESS
5ebf7de8-8eec-4878-8921-9358cc2f227e,suppliers,100,parquet,local,2026-06-23 01:23:06.492590,SUCCESS
52707890-19bf-499f-b50f-7d01da17ff07,products,5,parquet,local,2026-06-23 01:23:06.493441,SUCCESS
f11dc43f-3448-4618-a444-80d464939c8f,campaigns,2,json,github,2026-06-23 01:23:07.565505,SUCCESS
27cab0c5-6440-4805-977e-c51f878e65b9,impressions,100000,csv,github,2026-06-23 01:23:07.726668,SUCCESS
0fc0323d-5d93-43f0-8b81-f796e6ebfdf3,clicks,25000,csv,github,2026-06-23 01:23:07.770050,SUCCESS
2deb4032-2d04-4cf2-83b4-1d043e251d38,email_events,25000,json,github,2026-06-23 01:23:07.779829,SUCCESS
af78974d-3e55-431a-84ba-58751be85793,orders,100,csv,local,2026-06-23 01:23:07.783353,SUCCESS
0cbca474-807e-400f-a7c4-3f7ee329bfee,order_items,299,csv,local,2026-06-23 01:23:07.784337,SUCCESS
7c596654-3010-44ec-b362-0462860c6b89,payments,100,csv,local,2026-06-23 01:23:07.784889,SUCCESS
8c31f8e9-fa95-4268-bea2-4b332cdbea34,returns,4,csv,local,2026-06-23 01:23:07.785459,SUCCESS
765e8dd0-70ee-4268-898c-78b908e7da6b,invoices,100,parquet,local,2026-06-23 01:23:07.788095,SUCCESS
b11be33c-fb5b-4d00-8cec-e750f8987fa5,refunds,4,parquet,local,2026-06-23 01:23:07.788848,SUCCESS
f3aafeba-ca5d-449b-9505-ef0796ca009d,tax,100,parquet,local,2026-06-23 01:23:07.789606,SUCCESS
3541bd33-8083-4d54-b800-27d1dac6d3fa,ledger,104,parquet,local,2026-06-23 01:23:07.790425,SUCCESS
3bd0d4a3-23d1-49a5-b764-a563f423418b,customers,50,json,github,2026-06-23 01:25:02.571119,SUCCESS
07c10cae-c995-4179-959c-e1336f10ea6b,customer_addresses,50,json,github,2026-06-23 01:25:02.571996,SUCCESS
c66d231b-1656-418c-be46-b48282d76cbc,customer_segments,50,json,github,2026-06-23 01:25:02.572467,SUCCESS
2e7b170b-5787-45e0-bcb7-b766c43bf9af,brands,50,parquet,local,2026-06-23 01:25:02.589762,SUCCESS
015b75a9-1287-46ad-aa03-219da8dea0fd,categories,20,parquet,local,2026-06-23 01:25:02.590610,SUCCESS
04263c5d-c77c-4241-a2ee-794e2c4a08a2,suppliers,100,parquet,local,2026-06-23 01:25:02.591570,SUCCESS
33808315-acd5-41ab-973e-b31ba22123cf,products,5,parquet,local,2026-06-23 01:25:02.592548,SUCCESS
99aea805-c53c-457f-ae3b-910eb933179b,campaigns,2,json,github,2026-06-23 01:25:03.678220,SUCCESS
1958a1d1-d733-4fbe-9081-d9cf51c7ec54,impressions,100000,csv,github,2026-06-23 01:25:03.836285,SUCCESS
4134b4ff-0a17-4845-8c4b-0869371b4d8a,clicks,25000,csv,github,2026-06-23 01:25:03.876781,SUCCESS
a2ae5d4d-b224-487b-af72-2cf748bb832c,email_events,25000,json,github,2026-06-23 01:25:03.886092,SUCCESS
aa1a0729-75a2-4c37-81c0-d5d52c5cbd70,orders,100,csv,local,2026-06-23 01:25:03.889390,SUCCESS
c4b54975-ef2b-412a-834e-8f935b6c7a99,order_items,300,csv,local,2026-06-23 01:25:03.890136,SUCCESS
629cbd74-4f23-4879-a5cb-2f880a3f528e,payments,100,csv,local,2026-06-23 01:25:03.890657,SUCCESS
5395613b-da9a-4351-9f12-79686ed32c04,returns,2,csv,local,2026-06-23 01:25:03.891137,SUCCESS
cb5f39fb-e96d-4f9b-97fa-d52be12fbaa8,invoices,100,parquet,local,2026-06-23 01:25:03.893566,SUCCESS
c0222d6f-4d91-4fda-83ce-95ee01f7a9ed,refunds,2,parquet,local,2026-06-23 01:25:03.894244,SUCCESS
3d1392ab-6acb-4a2e-9681-27a91943ec04,tax,100,parquet,local,2026-06-23 01:25:03.894966,SUCCESS
42a7a6da-b553-434d-bba5-cc51cbaf1179,ledger,102,parquet,local,2026-06-23 01:25:03.895689,SUCCESS
38aba794-d696-4ade-b274-cd542fe788e0,customers,50,json,github,2026-06-23 01:28:38.591440,SUCCESS
9d5e9af5-66a6-43de-8682-4b1ce2bcd3ce,customer_addresses,50,json,github,2026-06-23 01:28:38.592372,SUCCESS
48577d3c-a0ea-4d23-ab15-b2e27719c50d,customer_segments,50,json,github,2026-06-23 01:28:38.592846,SUCCESS
66a131f4-1080-4a88-b4d6-5af354cf1745,brands,50,parquet,local,2026-06-23 01:28:38.609757,SUCCESS
f9f6aaff-4202-44bb-93f2-d1552ab28c51,categories,20,parquet,local,2026-06-23 01:28:38.610662,SUCCESS
28dd22a7-f975-47dd-816c-c3dbf1cfc132,suppliers,100,parquet,local,2026-06-23 01:28:38.611471,SUCCESS
7094793a-c233-4a46-a630-a8644e32237d,products,5,parquet,local,2026-06-23 01:28:38.612281,SUCCESS
aa2ab9f1-0679-42b6-9ab8-ef5d1a1b2a57,campaigns,2,json,github,2026-06-23 01:28:39.706225,SUCCESS
a93a1242-9649-49ac-82d2-c152e62ecb54,impressions,100000,csv,github,2026-06-23 01:28:39.865949,SUCCESS
e5407416-aa57-46eb-a1c6-84eb71414e3d,clicks,25000,csv,github,2026-06-23 01:28:39.907360,SUCCESS
e7f46a11-52e2-4b30-84ac-09704f2e3a76,email_events,25000,json,github,2026-06-23 01:28:39.916611,SUCCESS
1d6ad32d-e3eb-4c32-8952-ed97b5816107,orders,100,csv,local,2026-06-23 01:28:39.919929,SUCCESS
fc675517-e121-4f4c-b85f-00a90e86a437,order_items,308,csv,local,2026-06-23 01:28:39.920651,SUCCESS
e80e5fbc-fc7d-4483-a113-c1c7ba9c0d03,payments,100,csv,local,2026-06-23 01:28:39.921323,SUCCESS
dd74efe7-ac53-4bdd-8d64-6e42bf34bfc4,returns,0,csv,local,2026-06-23 01:28:39.921771,SUCCESS
0dd04000-de96-4118-8a1d-3dcc13174473,invoices,100,parquet,local,2026-06-23 01:28:39.924032,SUCCESS
2444d00f-783c-4f82-a06e-8d12564d7d56,refunds,0,parquet,local,2026-06-23 01:28:39.924512,SUCCESS
498c5000-2d78-4d90-8a8c-c31c4c8179b4,tax,100,parquet,local,2026-06-23 01:28:39.925233,SUCCESS
23f19deb-94f3-419c-a6c2-72a51947afee,ledger,100,parquet,local,2026-06-23 01:28:39.925950,SUCCESS
03df0fce-990e-4294-ba26-d3fb64756376,customers,50,json,github,2026-06-23 01:29:26.435954,SUCCESS
66c7a1a4-9cf6-4ba4-ab7a-3a836031dc5e,customer_addresses,50,json,github,2026-06-23 01:29:26.436949,SUCCESS
77158e59-9dfa-4222-b611-c9a01ff29108,customer_segments,50,json,github,2026-06-23 01:29:26.437457,SUCCESS
8fe23426-0900-4cf5-806e-812e839cb070,brands,50,parquet,local,2026-06-23 01:29:26.455758,SUCCESS
3270098e-9378-40e2-a84f-99463bc1e21e,categories,20,parquet,local,2026-06-23 01:29:26.456649,SUCCESS
71c871dd-a375-4193-bb6e-54ba88a8e8ae,suppliers,100,parquet,local,2026-06-23 01:29:26.457428,SUCCESS
f43e85c1-3d94-4716-aaf5-f117552effe1,products,5,parquet,local,2026-06-23 01:29:26.458229,SUCCESS
e2a91dd1-e1cf-4f8b-8a12-de37f38503bb,campaigns,2,json,github,2026-06-23 01:29:27.598406,SUCCESS
113c9d4f-bfdc-4786-ae89-00368016f542,impressions,100000,csv,github,2026-06-23 01:29:27.776525,SUCCESS
2c3aace8-6a1b-4d87-9803-29e85156ef0b,clicks,25000,csv,github,2026-06-23 01:29:27.830674,SUCCESS
f5cef2a6-d42e-4580-bf5a-75cca27980b0,email_events,25000,json,github,2026-06-23 01:29:27.858434,SUCCESS
034e1d9a-d68c-4d02-a519-9372bd072b28,orders,100,csv,local,2026-06-23 01:29:27.862484,SUCCESS
840cd3cd-e51c-4f54-a8bc-6be2ecf32d69,order_items,288,csv,local,2026-06-23 01:29:27.863307,SUCCESS
3c036639-c547-4bc1-b3fc-b0e9240c2ef5,payments,100,csv,local,2026-06-23 01:29:27.864070,SUCCESS
df2fe646-0121-4085-bd9a-c34055ff7416,returns,2,csv,local,2026-06-23 01:29:27.864576,SUCCESS
b01a7c5f-9210-41ad-8fda-876a94bb4765,invoices,100,parquet,local,2026-06-23 01:29:27.869116,SUCCESS
4da13231-b0ef-47d4-a985-538f0f3edc50,refunds,2,parquet,local,2026-06-23 01:29:27.870072,SUCCESS
f49bedb5-4ec6-40a4-ae1b-b183e49d9a43,tax,100,parquet,local,2026-06-23 01:29:27.870937,SUCCESS
9a189c7e-59d4-4b1d-bb6c-96fb3c3f7e5c,ledger,102,parquet,local,2026-06-23 01:29:27.871729,SUCCESS
1eafe4d4-2baa-4316-b7bb-9fb900ce2699,customers,50,json,github,2026-06-23 01:46:12.742187,SUCCESS
c8fe3fd1-dc9c-4547-9b0d-91dd40b675c5,customer_addresses,50,json,github,2026-06-23 01:46:12.743472,SUCCESS
be1c51e7-ff18-4d8d-9b59-7bb407b5ba3a,customer_segments,50,json,github,2026-06-23 01:46:12.743956,SUCCESS
b0957c66-c39d-4dce-b462-549b8f1fa68f,brands,50,parquet,local,2026-06-23 01:46:12.760876,SUCCESS
3699604d-67dd-428d-9290-a0e34107862c,categories,20,parquet,local,2026-06-23 01:46:12.761801,SUCCESS
5509c3c8-3d1c-4e5a-8252-f1d10f882074,suppliers,100,parquet,local,2026-06-23 01:46:12.762643,SUCCESS
f76f66ca-d1e9-4400-aa19-7fc20b3c6f91,products,5,parquet,local,2026-06-23 01:46:12.763458,SUCCESS
f1a08154-74c9-45b9-aca8-81045e1b1dd3,campaigns,2,json,github,2026-06-23 01:46:13.846462,SUCCESS
c877f3dd-46b8-41a8-9cc1-4319e5cbff86,impressions,100000,csv,github,2026-06-23 01:46:14.011579,SUCCESS
d1e3d602-96c6-4bab-943b-39d8f2060886,clicks,25000,csv,github,2026-06-23 01:46:14.052687,SUCCESS
053baa7f-7362-4a36-bedd-c5e119d3aff5,email_events,25000,json,github,2026-06-23 01:46:14.062246,SUCCESS
2b68bf99-b285-49a8-8371-2e503d9c4c01,orders,100,csv,local,2026-06-23 01:46:14.066178,SUCCESS
3c6ddf96-4ac8-44ae-b26c-fd6bd3f51a92,order_items,292,csv,local,2026-06-23 01:46:14.066958,SUCCESS
b2ac8599-b9f7-47ea-ac18-4c6662b0fe61,payments,100,csv,local,2026-06-23 01:46:14.067665,SUCCESS
722d434f-72ed-4bf4-a584-9012821fae0c,returns,3,csv,local,2026-06-23 01:46:14.068168,SUCCESS
f71eb181-34dc-4a4a-8e92-e131524edf4b,invoices,100,parquet,local,2026-06-23 01:46:14.070723,SUCCESS
bb24bdcf-0ba4-4b72-827f-a129110db16f,refunds,3,parquet,local,2026-06-23 01:46:14.071457,SUCCESS
1523a14e-c378-4bd2-a429-c58b86453a14,tax,100,parquet,local,2026-06-23 01:46:14.072188,SUCCESS
c89a3618-51ec-4709-8dc0-398fadc4d82f,ledger,103,parquet,local,2026-06-23 01:46:14.073023,SUCCESS
730249bf-42a8-4af7-9883-adcaa5ee5a2d,customers,50,json,github,2026-06-23 16:02:13.351630,SUCCESS
1f209218-ea85-46fb-9925-dd341b89461f,customer_addresses,50,json,github,2026-06-23 16:02:13.353511,SUCCESS
be4f49d6-556a-45fb-bb80-b061494c1193,customer_segments,50,json,github,2026-06-23 16:02:13.354518,SUCCESS
01537125-7a46-49a7-80d0-45bcbeaaf433,brands,50,parquet,local,2026-06-23 16:02:13.375596,SUCCESS
1df0b1e3-182b-4b28-8fe7-df174ad04788,categories,20,parquet,local,2026-06-23 16:02:13.377336,SUCCESS
c5765c37-74b1-4025-83b4-8cc283a11418,suppliers,100,parquet,local,2026-06-23 16:02:13.379538,SUCCESS
5161f389-15c7-4652-ad04-c24f9861be74,products,5,parquet,local,2026-06-23 16:02:13.381608,SUCCESS
32eb5158-84a5-4dc1-aa4a-9f1e3c2d7768,campaigns,2,json,github,2026-06-23 16:02:14.273533,SUCCESS
61f58fa7-e501-49e2-84a7-f290071d8069,impressions,100000,csv,github,2026-06-23 16:02:14.475507,SUCCESS
49f8941d-f70c-4867-9f9b-0fc9d27f797d,clicks,25000,csv,github,2026-06-23 16:02:14.525612,SUCCESS
1815ab9d-bdd1-4f26-bc51-a5598a9dd915,email_events,25000,json,github,2026-06-23 16:02:14.536670,SUCCESS
67f39c3d-e48e-4cbc-bb66-d244da87c6f8,orders,100,csv,local,2026-06-23 16:02:14.540737,SUCCESS
ffeb40a0-19a0-4ba4-bd44-6e070605384b,order_items,291,csv,local,2026-06-23 16:02:14.542020,SUCCESS
63883578-a562-470f-a0ba-beee9e9de512,payments,100,csv,local,2026-06-23 16:02:14.542803,SUCCESS
98135d3b-d0fe-4194-8651-3fbddbacb77c,returns,2,csv,local,2026-06-23 16:02:14.543450,SUCCESS
dbe1f706-5cda-4da4-b0bc-a78c7a207c96,invoices,100,parquet,local,2026-06-23 16:02:14.546472,SUCCESS
b2e34bb0-04d4-4fe6-904f-e78fe7e22965,refunds,2,parquet,local,2026-06-23 16:02:14.548262,SUCCESS
8895ecb8-fe19-48b6-aa1d-b4d79eeb17b2,tax,100,parquet,local,2026-06-23 16:02:14.550083,SUCCESS
87e63c75-709c-46b0-b7ba-12adaf52789a,ledger,102,parquet,local,2026-06-23 16:02:14.551497,SUCCESS
161f4644-6718-4dea-af38-4d9aff4a2389,customers,50,json,github,2026-06-23 16:03:39.994307,SUCCESS
cbf47d98-71a6-4a43-bd62-e697fe2102e7,customer_addresses,50,json,github,2026-06-23 16:03:39.995732,SUCCESS
062df6eb-9a72-4de9-898b-926d445e38cf,customer_segments,50,json,github,2026-06-23 16:03:39.996453,SUCCESS
34b179c8-fcc8-4ca1-b405-4627a805b496,brands,50,parquet,local,2026-06-23 16:03:40.014432,SUCCESS
a4106523-9597-47f5-a6f9-3e3b1a09782c,categories,20,parquet,local,2026-06-23 16:03:40.016007,SUCCESS
5c0c5c40-16cc-457f-a02b-a1d78cba4dfa,suppliers,100,parquet,local,2026-06-23 16:03:40.017519,SUCCESS
0d92c327-3d07-454f-9de0-770266df1db1,products,5,parquet,local,2026-06-23 16:03:40.019065,SUCCESS
bcd51315-fb5f-4d9d-83c9-60aff62de428,campaigns,2,json,github,2026-06-23 16:03:40.867210,SUCCESS
792e44b4-c3a8-42af-831d-fbe83258e836,impressions,100000,csv,github,2026-06-23 16:03:41.063027,SUCCESS
665a1496-9d2b-49fc-9b7a-3b64551be72c,clicks,25000,csv,github,2026-06-23 16:03:41.112997,SUCCESS
45d8c09d-a73d-46a9-aca1-4d7e3cd8a733,email_events,25000,json,github,2026-06-23 16:03:41.125056,SUCCESS
f9cf366d-2ad4-4daf-8b19-a02b0aeb8723,orders,100,csv,local,2026-06-23 16:03:41.128527,SUCCESS
e910086c-f236-4429-828e-07a88bf4af2e,order_items,291,csv,local,2026-06-23 16:03:41.129501,SUCCESS
997e59e7-d1ea-4432-b63b-250fc98eb9b7,payments,100,csv,local,2026-06-23 16:03:41.130193,SUCCESS
03bbaf08-2e41-4306-a4b2-5e0ead8a014d,returns,1,csv,local,2026-06-23 16:03:41.130835,SUCCESS
8acbad62-add6-46f3-8884-d25192a268e5,invoices,100,parquet,local,2026-06-23 16:03:41.133713,SUCCESS
5258aa58-f692-40d3-859b-1bd04ef7d66c,refunds,1,parquet,local,2026-06-23 16:03:41.135439,SUCCESS
1177dcc2-9349-4839-9013-64df48532725,tax,100,parquet,local,2026-06-23 16:03:41.137368,SUCCESS
5873c4fb-a64c-4c00-86a7-642b5a3b6365,ledger,101,parquet,local,2026-06-23 16:03:41.138832,SUCCESS
f05dc9a5-d65f-46af-8286-90c05037b395,customers,50,json,github,2026-06-23 16:07:50.610837,SUCCESS
567d160f-0661-4e0a-8d72-c36e393555d6,customer_addresses,50,json,github,2026-06-23 16:07:50.612846,SUCCESS
a192871d-0977-47c9-ab9e-2e07c35452e1,customer_segments,50,json,github,2026-06-23 16:07:50.613712,SUCCESS
32ba5a34-dc0e-4750-8e72-c7416139c91b,brands,50,parquet,local,2026-06-23 16:07:50.632412,SUCCESS
f5e14ad8-512a-46f8-b085-ec7a1cae1e39,categories,20,parquet,local,2026-06-23 16:07:50.633956,SUCCESS
1be7839b-0dfd-4952-b2bd-877b94ec547e,suppliers,100,parquet,local,2026-06-23 16:07:50.635623,SUCCESS
5046964a-9b45-4052-9124-a46cadf96455,products,5,parquet,local,2026-06-23 16:07:50.637234,SUCCESS
a7971212-9284-4e7b-8f28-4c7008774e17,campaigns,2,json,github,2026-06-23 16:07:51.489564,SUCCESS
9845332b-22cf-4d80-9f91-d4a761ead782,impressions,100000,csv,github,2026-06-23 16:07:51.685093,SUCCESS
3ac3172c-ee65-43e8-bf3c-6dcf24c722fa,clicks,25000,csv,github,2026-06-23 16:07:51.734482,SUCCESS
dfcb9d68-2d2c-438f-878b-c59b14f05fb0,email_events,25000,json,github,2026-06-23 16:07:51.745265,SUCCESS
ef9ea6c7-c4cc-4cb4-a6ad-b2412ef0d721,orders,100,csv,local,2026-06-23 16:07:51.748750,SUCCESS
f7567dd9-3841-444f-817f-2a47e062442f,order_items,292,csv,local,2026-06-23 16:07:51.749716,SUCCESS
cc714a67-5da7-4649-8797-76fcd8763fac,payments,100,csv,local,2026-06-23 16:07:51.750486,SUCCESS
320ca003-b247-4793-bb01-cc0ec579c121,returns,2,csv,local,2026-06-23 16:07:51.751192,SUCCESS
d9e6f768-5668-40a1-b94e-f1000eeeb223,invoices,100,parquet,local,2026-06-23 16:07:51.754082,SUCCESS
e25ca378-e2c7-4697-a247-bd5a253b97cf,refunds,2,parquet,local,2026-06-23 16:07:51.755377,SUCCESS
a7894444-9b40-4df2-b96e-c4e8d3ce91ee,tax,100,parquet,local,2026-06-23 16:07:51.757755,SUCCESS
1d7398cf-567f-467c-b094-ab6c75d35e59,ledger,102,parquet,local,2026-06-23 16:07:51.759258,SUCCESS
75f18222-d7ba-470c-90d1-a2fc731386f8,customers,50,json,github,2026-06-23 17:01:20.459374,SUCCESS
acad11e1-c44c-47c6-9125-101008a426c7,customer_addresses,50,json,github,2026-06-23 17:01:20.461060,SUCCESS
5c3913f4-7e39-41b5-90f7-d3c544da7577,customer_segments,50,json,github,2026-06-23 17:01:20.461931,SUCCESS
7039fc71-310e-4f6e-aa1a-10548c1e0009,brands,50,parquet,local,2026-06-23 17:01:20.483769,SUCCESS
bffe35d4-2ee9-4711-84a7-68cba7372af1,categories,20,parquet,local,2026-06-23 17:01:20.485463,SUCCESS
8075adef-7e45-4249-bb8d-59cd523a0fd6,suppliers,100,parquet,local,2026-06-23 17:01:20.487086,SUCCESS
093e698d-5756-4b94-bab4-dabb26c1847a,products,5,parquet,local,2026-06-23 17:01:20.488824,SUCCESS
dd3f1eba-ccf1-4a3f-9ad1-4bde410f19ec,campaigns,2,json,github,2026-06-23 17:01:21.338353,SUCCESS
b521dbd5-6b3b-4720-a083-dcd80e9f9cea,impressions,100000,csv,github,2026-06-23 17:01:21.535303,SUCCESS
5d23d164-879c-4227-a56e-b6d4ce30f3b2,clicks,25000,csv,github,2026-06-23 17:01:21.585796,SUCCESS
4e4c5533-cca0-4c78-8737-aad6960d6201,email_events,25000,json,github,2026-06-23 17:01:21.597432,SUCCESS
5c4b3929-9f87-4355-966b-7c209309fdf5,orders,100,csv,local,2026-06-23 17:01:21.601215,SUCCESS
8ddb467f-f4a9-4ccc-adef-39b73e1232d0,order_items,319,csv,local,2026-06-23 17:01:21.602262,SUCCESS
c774536d-e336-4ce5-99dc-25702f637706,payments,100,csv,local,2026-06-23 17:01:21.603004,SUCCESS
c0a6253d-94cf-4a67-93ad-b7152dc499c8,returns,1,csv,local,2026-06-23 17:01:21.603709,SUCCESS
8d96931e-6311-4b67-9b92-3ca6a4ca66a9,invoices,100,parquet,local,2026-06-23 17:01:21.606808,SUCCESS
c3c45956-0655-4541-a43d-f74602c98b43,refunds,1,parquet,local,2026-06-23 17:01:21.608530,SUCCESS
d5874e48-d97c-440c-956f-76b1c3ab144f,tax,100,parquet,local,2026-06-23 17:01:21.610223,SUCCESS
387c8fc6-95bc-48bd-b890-2144a2a0db42,ledger,101,parquet,local,2026-06-23 17:01:21.611558,SUCCESS
2046baaa-e73e-405e-a360-02838da9fd34,customers,50,json,github,2026-06-23 17:48:04.253915,SUCCESS
e7f83bd5-bb55-4f11-9f4f-b36c1dc1a085,customer_addresses,50,json,github,2026-06-23 17:48:04.255930,SUCCESS
4fd497b2-04f0-477c-987b-6e5503cdd002,customer_segments,50,json,github,2026-06-23 17:48:04.256908,SUCCESS
8944cbe6-2888-4d2d-9984-88cd682f24d4,brands,50,parquet,local,2026-06-23 17:48:04.281806,SUCCESS
d2caf261-9eec-4f57-bb33-88620bac94b7,categories,20,parquet,local,2026-06-23 17:48:04.284205,SUCCESS
76ee2b2c-8784-4fac-be1b-2a2e7102db1f,suppliers,100,parquet,local,2026-06-23 17:48:04.288853,SUCCESS
10369612-c9ee-438f-9f86-c53114c3e5d4,products,5,parquet,local,2026-06-23 17:48:04.291866,SUCCESS
6116e00e-afde-456e-b9e7-17abe9400e51,campaigns,2,json,github,2026-06-23 17:48:05.355201,SUCCESS
05a63578-004b-4c90-8f47-fd3022d86b69,impressions,100000,csv,github,2026-06-23 17:48:05.645787,SUCCESS
f075a823-9e79-4bb7-8602-6380da09c947,clicks,25000,csv,github,2026-06-23 17:48:05.705141,SUCCESS
d219e0e3-a68d-4c77-99d1-917d4271e257,email_events,25000,json,github,2026-06-23 17:48:05.718181,SUCCESS
b75bfa54-8a1c-4d1d-b5e1-1af6e869ce66,orders,100,csv,local,2026-06-23 17:48:05.722677,SUCCESS
83a678d4-4be7-46b0-922c-093cebc781b1,order_items,313,csv,local,2026-06-23 17:48:05.723813,SUCCESS
4640b53b-3af7-49f3-8586-11175d0c8ad2,payments,100,csv,local,2026-06-23 17:48:05.724787,SUCCESS
94e91bc5-edc3-412a-80e9-081595c2ff2f,returns,1,csv,local,2026-06-23 17:48:05.725540,SUCCESS
dab67466-2df6-4b77-b2bb-d5436f1d6388,invoices,100,parquet,local,2026-06-23 17:48:05.729437,SUCCESS
1e131250-5c2b-48fc-b1dd-78c96fbba84e,refunds,1,parquet,local,2026-06-23 17:48:05.731750,SUCCESS
21cccfd1-8956-4553-9d47-3fb0566413d7,tax,100,parquet,local,2026-06-23 17:48:05.733978,SUCCESS
840e936c-7b3b-4d6d-89d8-1254e6d20f9b,ledger,101,parquet,local,2026-06-23 17:48:05.735875,SUCCESS
984aa918-7e6d-40be-9b77-749d4d87983f,customers,50,json,github,2026-06-23 18:12:43.808753,SUCCESS
6a712f77-ffe5-4e4e-b78f-59532c6a89e3,customer_addresses,50,json,github,2026-06-23 18:12:43.810248,SUCCESS
395f5fed-5882-441d-9ee6-fc4f4f2393ba,customer_segments,50,json,github,2026-06-23 18:12:43.811254,SUCCESS
fbe81eb8-d483-4b53-bf06-c051b11ef6cb,brands,50,parquet,local,2026-06-23 18:12:43.831963,SUCCESS
c5f266fe-ddd0-4abd-8434-1b6ed3dcc94d,categories,20,parquet,local,2026-06-23 18:12:43.833679,SUCCESS
2a880ced-d6fb-45f1-93bb-972f63de4ea3,suppliers,100,parquet,local,2026-06-23 18:12:43.835303,SUCCESS
a095ea8b-b38d-4479-ae66-57f54e17f341,products,5,parquet,local,2026-06-23 18:12:43.837165,SUCCESS
83f819e7-3423-4f34-b7a8-dc7cbe3cd5ae,campaigns,2,json,github,2026-06-23 18:12:44.699619,SUCCESS
8a356571-c76a-46c1-a76d-458380c703da,impressions,100000,csv,github,2026-06-23 18:12:44.892585,SUCCESS
1ee9280d-b8ff-4d80-b40c-5f15ed54dcb6,clicks,25000,csv,github,2026-06-23 18:12:44.942482,SUCCESS
93f6d141-577d-4c5f-8468-d7a7aed6cdd4,email_events,25000,json,github,2026-06-23 18:12:44.954026,SUCCESS
2b6cf348-7632-49c6-be9c-c86d24f545a9,orders,100,csv,local,2026-06-23 18:12:44.957405,SUCCESS
c3404a87-2eb1-4abb-a57a-04ccbf145329,order_items,314,csv,local,2026-06-23 18:12:44.958386,SUCCESS
ce01de0b-d384-4dee-8b16-8f017e463b55,payments,100,csv,local,2026-06-23 18:12:44.959077,SUCCESS
6adb5e2b-8130-4d1f-a672-7e6d18da4a01,returns,2,csv,local,2026-06-23 18:12:44.959710,SUCCESS
5397f96d-6600-4707-9db4-71988da00344,invoices,100,parquet,local,2026-06-23 18:12:44.962830,SUCCESS
b20b05c4-7d07-4898-aa24-6b6ec518c365,refunds,2,parquet,local,2026-06-23 18:12:44.964817,SUCCESS
321e8e43-fbb9-4077-9262-563c62df9521,tax,100,parquet,local,2026-06-23 18:12:44.966837,SUCCESS
32f98be3-0cdb-4389-9bb7-4b2dd1d7c1e9,ledger,102,parquet,local,2026-06-23 18:12:44.968546,SUCCESS
feaf4db9-00fb-4e49-86fa-39431af29590,customers,50,json,github,2026-06-23 18:23:03.462431,SUCCESS
74639e28-ae1a-4b30-8c86-f09d3b553b90,customer_addresses,50,json,github,2026-06-23 18:23:03.463850,SUCCESS
e0da2e70-67dd-4220-abc0-ef4f7db6c3da,customer_segments,50,json,github,2026-06-23 18:23:03.464789,SUCCESS
445d265e-e2bc-49c1-89e5-220039c48c55,brands,50,parquet,local,2026-06-23 18:23:03.483757,SUCCESS
df883b6a-8894-4479-bc48-9e7bbc96cba5,categories,20,parquet,local,2026-06-23 18:23:03.485679,SUCCESS
fa9f1eac-a75f-41b5-b34a-2935bdfdbf85,suppliers,100,parquet,local,2026-06-23 18:23:03.487812,SUCCESS
169a0b2b-25b8-453b-ae6c-47f5c52e130d,products,5,parquet,local,2026-06-23 18:23:03.489939,SUCCESS
1216079c-2cd9-4b09-9304-379fbd63f82b,campaigns,2,json,github,2026-06-23 18:23:04.345759,SUCCESS
81047dfd-4d3a-41b9-a869-85242a48aa98,impressions,100000,csv,github,2026-06-23 18:23:04.564207,SUCCESS
f4668a9b-6bde-41a8-a9a6-8399f41f53ad,clicks,25000,csv,github,2026-06-23 18:23:04.618989,SUCCESS
4739b130-7421-4171-994d-b3d9964657c3,email_events,25000,json,github,2026-06-23 18:23:04.630959,SUCCESS
d7be9d1a-96ae-4821-90bd-127f7891f3bd,orders,100,csv,local,2026-06-23 18:23:04.634605,SUCCESS
9dbcaacc-d317-42d8-9c9a-2f82251e7650,order_items,298,csv,local,2026-06-23 18:23:04.635697,SUCCESS
bf5ebc75-fd7b-4171-b62c-2f23ab79dc34,payments,100,csv,local,2026-06-23 18:23:04.636523,SUCCESS
35ccb51d-9214-4663-86ff-5c6b5e922f6f,returns,1,csv,local,2026-06-23 18:23:04.637244,SUCCESS
0ab2516a-787d-462f-bc93-ec78b0978113,invoices,100,parquet,local,2026-06-23 18:23:04.640488,SUCCESS
223b99ec-b389-4152-ac1b-4475398e59ab,refunds,1,parquet,local,2026-06-23 18:23:04.642518,SUCCESS
dff2873f-41df-4ab7-a7ec-10fdcdb2ef88,tax,100,parquet,local,2026-06-23 18:23:04.644975,SUCCESS
8ee8ca17-291b-446e-995e-babca19aaca0,ledger,101,parquet,local,2026-06-23 18:23:04.647157,SUCCESS
a307cf0a-9c1c-4911-8a06-3f15c8e25d53,customers,50,json,github,2026-06-25 18:06:37.324457,SUCCESS
7b55f160-0261-462a-824a-b1d8b7454cb2,customer_addresses,50,json,github,2026-06-25 18:06:37.326097,SUCCESS
b2de54d8-56eb-465b-ae17-6c037a8fb2d6,customer_segments,50,json,github,2026-06-25 18:06:37.326845,SUCCESS
7f6f89ab-e221-4950-890e-e2ecf564bead,brands,50,parquet,local,2026-06-25 18:06:37.345735,SUCCESS
98cfb57b-1842-4ade-bcbc-e97dc0d96f24,categories,20,parquet,local,2026-06-25 18:06:37.347283,SUCCESS
7fde0678-bc5b-49c3-b422-23e76c7f5f87,suppliers,100,parquet,local,2026-06-25 18:06:37.349048,SUCCESS
ccd2285e-00b4-491a-9116-b1732b03a25f,products,5,parquet,local,2026-06-25 18:06:37.350668,SUCCESS
bc9d261e-723a-4184-a316-564eb9a1158d,campaigns,2,json,github,2026-06-25 18:06:38.211345,SUCCESS
41c03564-fcb2-401f-acab-c274a82e424e,impressions,100000,csv,github,2026-06-25 18:06:38.414642,SUCCESS
7cf20f6f-ab4c-4a25-a062-26d84ba5694e,clicks,25000,csv,github,2026-06-25 18:06:38.466225,SUCCESS
c603e8a3-ca4f-44b5-83bf-9f95dc931785,email_events,25000,json,github,2026-06-25 18:06:38.477134,SUCCESS
012fe6be-9823-4f1b-b52f-4b0ecbfbb1ec,orders,100,csv,local,2026-06-25 18:06:38.480669,SUCCESS
df0ca532-611d-43e8-9825-9c38a2861b77,order_items,310,csv,local,2026-06-25 18:06:38.481643,SUCCESS
2ff536fa-1d14-4a1a-9976-69ae4f4e57b7,payments,100,csv,local,2026-06-25 18:06:38.482834,SUCCESS
58db12d1-fa02-4533-8988-fc9339bb79ac,returns,3,csv,local,2026-06-25 18:06:38.483705,SUCCESS
2297b5e0-173c-4f65-9024-b2056126cafc,invoices,100,parquet,local,2026-06-25 18:06:38.486851,SUCCESS
f4f8d9bc-d925-468b-82a3-759707cda258,refunds,3,parquet,local,2026-06-25 18:06:38.488420,SUCCESS
0c669241-490a-482c-b540-b4609ad81a75,tax,100,parquet,local,2026-06-25 18:06:38.490028,SUCCESS
ce492047-ca80-4fce-8f6e-7d5c0a0f1f1a,ledger,103,parquet,local,2026-06-25 18:06:38.491437,SUCCESS
105fdf34-8a1a-41a8-b21c-db3270ae77dd,customers,50,json,github,2026-06-27 05:44:02.921164,SUCCESS
0d959460-6c55-43d5-a935-11382f8cd072,customer_addresses,50,json,github,2026-06-27 05:44:02.923040,SUCCESS
ce0dbefa-d3c1-4699-a814-cc9bfdaabd6d,customer_segments,50,json,github,2026-06-27 05:44:02.923940,SUCCESS
09ca1d1e-e5f8-4dab-87d0-d18aaf82f74b,brands,50,parquet,local,2026-06-27 05:44:02.943777,SUCCESS
7b36ced6-5413-4e7c-a8c2-4bad77eecd2a,categories,20,parquet,local,2026-06-27 05:44:02.945196,SUCCESS
62177b70-92ec-4536-9ecc-85b5cd3c070c,suppliers,100,parquet,local,2026-06-27 05:44:02.946947,SUCCESS
9ec7bea8-e3d3-4aa4-85b7-865896108dfd,products,5,parquet,local,2026-06-27 05:44:02.948733,SUCCESS
e830f7f0-b69d-4633-973a-8140d52a7963,campaigns,2,json,github,2026-06-27 05:44:03.801536,SUCCESS
4fb01ac2-b58e-46df-8674-a720fed40f2c,impressions,100000,csv,github,2026-06-27 05:44:04.000246,SUCCESS
dd5a59cb-f871-4a36-aeff-51b7fd299bc6,clicks,25000,csv,github,2026-06-27 05:44:04.050494,SUCCESS
6da37625-3cc8-4642-b7d0-8cda55640cd2,email_events,25000,json,github,2026-06-27 05:44:04.061728,SUCCESS
2042f124-e467-4d6a-b6b7-dace84b4cef6,orders,100,csv,local,2026-06-27 05:44:04.065663,SUCCESS
ea460ae3-2ab0-4d45-92e3-59c906ce6872,order_items,309,csv,local,2026-06-27 05:44:04.066654,SUCCESS
e44d5985-0c46-4381-ac39-9847390ee841,payments,100,csv,local,2026-06-27 05:44:04.067387,SUCCESS
be815d5b-ca73-4fc8-a82a-ea0da5bc754b,returns,3,csv,local,2026-06-27 05:44:04.068005,SUCCESS
afdad2ba-89fc-4f5e-9a5c-0bf44cfa9e59,invoices,100,parquet,local,2026-06-27 05:44:04.070798,SUCCESS
9bad6f3a-caa3-4be2-b313-09d7c65280af,refunds,3,parquet,local,2026-06-27 05:44:04.072480,SUCCESS
94d14722-67b0-4c39-87e9-510fc9a5c306,tax,100,parquet,local,2026-06-27 05:44:04.074345,SUCCESS
fc7882bf-e509-45a1-a00d-885c98b257dd,ledger,103,parquet,local,2026-06-27 05:44:04.075680,SUCCESS
af4a005a-e5c7-4492-9b36-00393022c001,customers,50,json,github,2026-06-27 05:55:52.328966,SUCCESS
dd47d48f-dc12-44a4-b737-9a9c2f0ce898,customer_addresses,50,json,github,2026-06-27 05:55:52.330324,SUCCESS
c5f77b7c-d776-446e-b556-354450e7a41a,customer_segments,50,json,github,2026-06-27 05:55:52.331054,SUCCESS
d91d64b5-6c11-45c6-9830-054ad7ef2745,brands,50,parquet,local,2026-06-27 05:55:52.349299,SUCCESS
68e95e64-42c8-4bab-a4cb-16dd1ec2e3bc,categories,20,parquet,local,2026-06-27 05:55:52.350765,SUCCESS
a70090a9-9c72-457d-b300-4b02bcefdd1d,suppliers,100,parquet,local,2026-06-27 05:55:52.352447,SUCCESS
91a3c9c5-ca72-48df-bb96-c8ad0b7993bc,products,5,parquet,local,2026-06-27 05:55:52.354196,SUCCESS
f19f0552-d38b-4c53-b93d-08f8cdca81ba,campaigns,2,json,github,2026-06-27 05:55:53.220002,SUCCESS
a1e83b02-bfb0-47c6-96e6-d1e07093093e,impressions,100000,csv,github,2026-06-27 05:55:53.413283,SUCCESS
e76b552b-d315-4c24-b2df-e0441181d513,clicks,25000,csv,github,2026-06-27 05:55:53.462046,SUCCESS
b702a150-8b3c-4e9a-afd7-03d64f0ad2a9,email_events,25000,json,github,2026-06-27 05:55:53.472816,SUCCESS
ffde61fa-fe17-4483-9fd9-b6a43f16588b,orders,100,csv,local,2026-06-27 05:55:53.476310,SUCCESS
a8b4a16d-51d2-47f8-8ce5-afa8ca0c61b0,order_items,313,csv,local,2026-06-27 05:55:53.477322,SUCCESS
341d955c-f5df-4eb6-a81e-4750db3395e5,payments,100,csv,local,2026-06-27 05:55:53.478048,SUCCESS
115a7133-03fb-464a-8359-a1c654b25f8e,returns,2,csv,local,2026-06-27 05:55:53.478698,SUCCESS
2ad767d1-ba4e-4c0e-abf6-31b5f7fab063,invoices,100,parquet,local,2026-06-27 05:55:53.481639,SUCCESS
174c65e6-287d-4056-b63e-74287fa3540f,refunds,2,parquet,local,2026-06-27 05:55:53.483280,SUCCESS
90894dbe-3fb1-47db-9a4b-dfc64f264211,tax,100,parquet,local,2026-06-27 05:55:53.484949,SUCCESS
51eef61e-7e0c-466e-b1d2-788958cf8a9d,ledger,102,parquet,local,2026-06-27 05:55:53.486301,SUCCESS
78df9836-361e-4b48-8467-fe4f800c65fc,customers,50,json,github,2026-06-27 11:28:00.452235,SUCCESS
39f5dd5e-096f-42fe-afe3-c5cce7d5d525,customer_addresses,50,json,github,2026-06-27 11:28:00.453729,SUCCESS
81d41de9-cd1c-4336-a468-f7cb489e3bf5,customer_segments,50,json,github,2026-06-27 11:28:00.454413,SUCCESS
d62ffdee-5603-47f7-b6b9-0aa695c18e4c,brands,50,parquet,local,2026-06-27 11:28:00.499018,SUCCESS
b8e46b02-7b7c-4ace-8691-81a5c20cca68,categories,20,parquet,local,2026-06-27 11:28:00.499991,SUCCESS
eb089f45-9c33-42aa-8489-3e23c196a8ab,suppliers,100,parquet,local,2026-06-27 11:28:00.500791,SUCCESS
c615aea2-08c2-4cbb-870c-14cba85c9c77,products,5,parquet,local,2026-06-27 11:28:00.501661,SUCCESS
67f08f13-f6b1-4224-8d71-fb578486e7da,campaigns,2,json,github,2026-06-27 11:28:01.584744,SUCCESS
e206a389-5f73-4e9d-b6a1-9f77a65a00df,impressions,100000,csv,github,2026-06-27 11:28:01.739898,SUCCESS
f442a0c8-0e00-4109-904c-38598e711b7a,clicks,25000,csv,github,2026-06-27 11:28:01.782352,SUCCESS
6f389933-85c3-409a-9bbd-0915361c6dea,email_events,25000,json,github,2026-06-27 11:28:01.792550,SUCCESS
17557ae4-032c-4573-8b6e-df079350583c,orders,100,csv,local,2026-06-27 11:28:01.796095,SUCCESS
b6459c0d-8f58-4d2b-82bf-de9c03bbcf63,order_items,270,csv,local,2026-06-27 11:28:01.796900,SUCCESS
a015d094-b4c9-41ea-886e-6d51e7b62ca5,payments,100,csv,local,2026-06-27 11:28:01.797520,SUCCESS
1ed2355a-86ac-4c25-bc25-9eecfb3a6649,returns,1,csv,local,2026-06-27 11:28:01.798007,SUCCESS
40a9f473-02b9-4fe8-83fc-641e8801dd46,invoices,100,parquet,local,2026-06-27 11:28:01.800415,SUCCESS
074d8ece-2d0b-4660-b6ea-e323cc9a7386,refunds,1,parquet,local,2026-06-27 11:28:01.801132,SUCCESS
2e58c445-3535-4275-9be1-ecb73de47fa5,tax,100,parquet,local,2026-06-27 11:28:01.801898,SUCCESS
301ed12a-9125-4e19-8aae-d139baabf85c,ledger,101,parquet,local,2026-06-27 11:28:01.802641,SUCCESS
02360bfd-ae4d-404f-892b-c7b6c4c61ae0,customers,50,json,github,2026-06-27 06:04:57.602963,SUCCESS
41c384e2-ee21-4bcb-942e-f1c94ece1188,customer_addresses,50,json,github,2026-06-27 06:04:57.604561,SUCCESS
c33ad9ac-a6fc-464a-8d1e-3ac32119c268,customer_segments,50,json,github,2026-06-27 06:04:57.605584,SUCCESS
b5932518-069b-4531-ab89-27fc5b6b1de0,brands,50,parquet,local,2026-06-27 06:04:57.624274,SUCCESS
c9d64387-df40-4931-8be9-19bae9cb3ffc,categories,20,parquet,local,2026-06-27 06:04:57.626190,SUCCESS
a6af798b-2a4c-4ffa-8c95-eae9dbcd18a5,suppliers,100,parquet,local,2026-06-27 06:04:57.628955,SUCCESS
85ac41a1-4f7f-47bd-916d-465940e9501d,products,5,parquet,local,2026-06-27 06:04:57.631328,SUCCESS
b37cb31f-1fe5-4b5e-a696-314934c6f37b,campaigns,2,json,github,2026-06-27 06:04:58.492359,SUCCESS
79db5327-0ba6-4961-b25f-1b2f6af994bc,impressions,100000,csv,github,2026-06-27 06:04:58.720700,SUCCESS
31e5939e-eb49-4a52-8541-129367d08de6,clicks,25000,csv,github,2026-06-27 06:04:58.775015,SUCCESS
29b5f9b3-1883-488a-90d9-7ea1f6d95018,email_events,25000,json,github,2026-06-27 06:04:58.789576,SUCCESS
6effd873-3222-4c2c-a9cb-578ec7567010,orders,100,csv,local,2026-06-27 06:04:58.793258,SUCCESS
156fb50d-9029-44e7-98e7-d6c39d0643f8,order_items,311,csv,local,2026-06-27 06:04:58.794369,SUCCESS
210e7086-d352-47f0-9039-0fb450bd8772,payments,100,csv,local,2026-06-27 06:04:58.795170,SUCCESS
998ce87f-0378-4bc9-946b-e4ab2d40064f,returns,2,csv,local,2026-06-27 06:04:58.795942,SUCCESS
c9273481-6b51-464d-aa1d-721eb8820146,invoices,100,parquet,local,2026-06-27 06:04:58.799740,SUCCESS
69bdb07d-b05d-4bc5-a577-e8330b4dfbf2,refunds,2,parquet,local,2026-06-27 06:04:58.802156,SUCCESS
d080f54a-48eb-46e1-bb68-151673277039,tax,100,parquet,local,2026-06-27 06:04:58.804673,SUCCESS
51df074f-c005-46ba-afe0-eb9e12427a9f,ledger,102,parquet,local,2026-06-27 06:04:58.806857,SUCCESS
02dd16b1-3b32-4fb6-83c4-6151d415d761,customers,50,json,github,2026-06-27 06:08:09.839332,SUCCESS
bf17f641-82a3-46aa-827c-48eca38fc676,customer_addresses,50,json,github,2026-06-27 06:08:09.840716,SUCCESS
12ca598a-01c8-4448-89dd-937289ca7775,customer_segments,50,json,github,2026-06-27 06:08:09.841433,SUCCESS
d72b2858-c0ae-4937-bf8c-43a758621aab,brands,50,parquet,local,2026-06-27 06:08:09.859790,SUCCESS
6645c2fe-3d87-44fc-9ad9-a36341182285,categories,20,parquet,local,2026-06-27 06:08:09.861305,SUCCESS
d35dbf61-269d-44c7-8037-68a3a98419d0,suppliers,100,parquet,local,2026-06-27 06:08:09.862801,SUCCESS
598b2910-85a3-45a5-8be1-b228337168d7,products,5,parquet,local,2026-06-27 06:08:09.864404,SUCCESS
bfd55461-8ff9-4713-bca9-4687b2176cab,campaigns,2,json,github,2026-06-27 06:08:10.713204,SUCCESS
601aca70-1727-4a3a-a8ac-4ea32ea2f5cd,impressions,100000,csv,github,2026-06-27 06:08:10.913113,SUCCESS
2a15171e-6914-40b8-bfce-49b510ba9ec8,clicks,25000,csv,github,2026-06-27 06:08:10.962708,SUCCESS
e2229b03-fac8-4c92-8d2f-8866e8d3d492,email_events,25000,json,github,2026-06-27 06:08:10.975712,SUCCESS
e385e9e1-ff44-425e-92a1-188030402bbc,orders,100,csv,local,2026-06-27 06:08:10.979169,SUCCESS
2c5c3696-e05d-493b-a767-fb6b756e453f,order_items,289,csv,local,2026-06-27 06:08:10.980105,SUCCESS
8f585ae5-adc3-4b7a-9e27-1a248299c543,payments,100,csv,local,2026-06-27 06:08:10.980777,SUCCESS
4949796e-3654-4d01-8736-cd5265d9fbbd,returns,1,csv,local,2026-06-27 06:08:10.981430,SUCCESS
a400401f-5571-434b-b492-9fd9a4f07b68,invoices,100,parquet,local,2026-06-27 06:08:10.984249,SUCCESS
5f6fd9e6-787f-4c4f-b6d7-167d10ac4586,refunds,1,parquet,local,2026-06-27 06:08:10.986139,SUCCESS
3a813248-6f9c-4eb3-8c76-5a302d2e85c4,tax,100,parquet,local,2026-06-27 06:08:10.987996,SUCCESS
a5186f53-6bd0-4fcc-b80e-024e97e00422,ledger,101,parquet,local,2026-06-27 06:08:10.989376,SUCCESS
21f5e2ce-d3b5-4659-baef-50b8141319ab,customers,50,json,github,2026-06-27 06:11:39.423207,SUCCESS
df126256-f17d-4f32-8b0a-d66cd8e8575b,customer_addresses,50,json,github,2026-06-27 06:11:39.424449,SUCCESS
85d944c8-a0bb-4f57-953c-c95c542a63b4,customer_segments,50,json,github,2026-06-27 06:11:39.425254,SUCCESS
5bc9aaca-b9dd-4455-9a2c-e4a619edd9da,brands,50,parquet,local,2026-06-27 06:11:39.443708,SUCCESS
27a51a65-a800-44a8-b418-4d7529a9540b,categories,20,parquet,local,2026-06-27 06:11:39.445536,SUCCESS
6a5f083d-d664-4d02-8e89-9f8e2833e2ba,suppliers,100,parquet,local,2026-06-27 06:11:39.447402,SUCCESS
52a56503-3c8f-49f9-91eb-bd9d7ca7b244,products,5,parquet,local,2026-06-27 06:11:39.449500,SUCCESS
26a82400-ba19-4cf6-b379-cc9ecb351438,campaigns,2,json,github,2026-06-27 06:11:40.299595,SUCCESS
11d713d6-9b26-4369-830c-65196ee7d98e,impressions,100000,csv,github,2026-06-27 06:11:40.509436,SUCCESS
696c3337-7b5e-4ad7-ae1b-d5a4fd36f34e,clicks,25000,csv,github,2026-06-27 06:11:40.563731,SUCCESS
9c1787d1-8478-4c7a-863c-22967434a91a,email_events,25000,json,github,2026-06-27 06:11:40.577475,SUCCESS
f58ae545-92a5-487e-a207-270c4ac7dcdd,orders,100,csv,local,2026-06-27 06:11:40.580993,SUCCESS
0388aa29-9f48-431b-9b1e-947cabdabfc6,order_items,303,csv,local,2026-06-27 06:11:40.582073,SUCCESS
6bc7a19e-5262-4bbb-9ffb-7421def03244,payments,100,csv,local,2026-06-27 06:11:40.582888,SUCCESS
530b11be-2a4f-4411-a683-7240883e0dc3,returns,3,csv,local,2026-06-27 06:11:40.583667,SUCCESS
392392cf-e31e-4a2b-8bc6-dea8bbf9b424,invoices,100,parquet,local,2026-06-27 06:11:40.587108,SUCCESS
0f7be351-a1f9-48a0-8325-f59c33cd4fd1,refunds,3,parquet,local,2026-06-27 06:11:40.589548,SUCCESS
69793f30-aeea-4b48-a066-fb5e2341cd86,tax,100,parquet,local,2026-06-27 06:11:40.591500,SUCCESS
235897df-6e83-43b2-bfa3-7032c49928c9,ledger,103,parquet,local,2026-06-27 06:11:40.593293,SUCCESS
